<?xml version="1.0" encoding="UTF-8"?>
<project-private xmlns="http://www.netbeans.org/ns/project-private/1">
    <open-files xmlns="http://www.netbeans.org/ns/projectui-open-files/2">
        <group>
            <file>file:/Users/maverick1997/Desktop/Assignment1/src/UI/CreateJPanel.java</file>
            <file>file:/Users/maverick1997/Desktop/Assignment1/src/UI/ViewJPanel.java</file>
            <file>file:/Users/maverick1997/Desktop/Assignment1/src/UI/MainJFrame.java</file>
        </group>
    </open-files>
</project-private>
